,0
0,/2023/08/cong-ty-nao-trong-vn30-mang-lai-su-phon-thinh-cho-co-dong-trong-quy-2-737-1100263.htm
1,/2023/08/nhip-dap-thi-truong-1808-thanh-khoan-lai-dang-cao-1636-1100275.htm
2,/2023/08/giai-ma-cau-chuyen-kinh-doanh-bancasurance-757-1100225.htm
3,/2023/08/to-chuc-lien-quan-den-ong-bui-thanh-nhon-da-ban-hon-46-trieu-cp-739-1100283.htm
4,/2023/08/reuters-cac-nha-xuat-khau-gao-viet-nam-dam-phan-lai-gia-cao-hon-118-1100276.htm
5,/2023/08/gex-bat-day-khi-gia-ve-vung-17500-19000-585-1098431.htm
6,/2023/08/tap-doan-nang-no-evergrande-xin-bao-ho-pha-san-772-1100258.htm
7,/2023/08/de-xuat-co-che-xu-ly-rui-ro-tin-dung-tai-ngan-hang-phat-trien-viet-nam-757-1100219.htm
8,/2023/08/to-chuc-lien-quan-den-ong-bui-thanh-nhon-da-ban-hon-46-trieu-cp-739-1100283.htm
9,/2023/08/reuters-cac-nha-xuat-khau-gao-viet-nam-dam-phan-lai-gia-cao-hon-118-1100276.htm
10,/2023/08/gex-bat-day-khi-gia-ve-vung-17500-19000-585-1098431.htm
11,/2023/08/tap-doan-nang-no-evergrande-xin-bao-ho-pha-san-772-1100258.htm
12,/2023/08/de-xuat-co-che-xu-ly-rui-ro-tin-dung-tai-ngan-hang-phat-trien-viet-nam-757-1100219.htm
13,/2023/08/pho-thu-tuong-nhnn-can-nghien-cuu-ky-cac-kien-nghi-de-go-vuong-ve-tin-dung-cho-bat-dong-san-757-1100215.htm
14,/2023/08/vietcredit-chuyen-lai-thanh-lo-sau-soat-xet-co-dong-sang-lap-muon-thoai-het-von-737-1100270.htm
15,/2023/08/ty-gia-tang-va-ham-y-trong-chinh-sach-tien-te-757-1100217.htm
16,/2023/08/chu-tich-quoc-hoi-sua-luat-bhxh-de-huong-toi-dong-10-nam-la-du-dieu-kien-huong-luong-huu-3113-1100009.htm
17,/2023/08/dong-usd-tang-ap-luc-ty-gia-co-dang-lo-ngai-o-nhung-thang-cuoi-nam-757-1099827.htm
18,/2023/08/ir-awards-2023-hon-30-dinh-che-tai-chinh-la-thanh-vien-hoi-dong-binh-chon-830-1095879.htm
19,/2023/08/con-sot-hang-hoa-nguoi-lanh-gieo-sau-cho-doanh-nghiep-hoa-chat-737-1099151.htm
20,/2023/08/giai-ma-cau-chuyen-kinh-doanh-bancasurance-757-1100225.htm
21,/2023/08/ban-tin-chi-carbon-de-ma-kho-768-1098824.htm
22,/2023/08/nen-co-bon-phuong-phap-dinh-gia-dat-4266-1098421.htm
23,/2023/08/duong-giam-lai-suat-lieu-co-gap-ghenh-hon-757-1098414.htm
24,/2023/08/trien-vong-co-phieu-ngan-hang-6-thang-cuoi-nam-830-1097063.htm
25,/2023/08/vietcredit-chuyen-lai-thanh-lo-sau-soat-xet-co-dong-sang-lap-muon-thoai-het-von-737-1100270.htm
26,/2023/08/lanh-dao-ceo-o-at-thuc-hien-quyen-mua-co-phieu-trong-boi-canh-thi-gia-tang-764-1100224.htm
27,/2023/08/kien-nghi-xay-nha-o-xa-hoi-tren-dat-cong-bi-bo-hoang-bo-xay-dung-noi-gi-4222-1100271.htm
28,/2023/08/gia-co-phieu-tkg-tang-lai-nhieu-co-dong-lon-thoai-von-739-1100266.htm
29,/2023/08/chi-chiem-12-thi-phan-air-cargo-hang-khong-viet-dang-lep-ve-768-1100262.htm
30,/2023/08/luc-cau-nha-dat-bat-dau-am-lai-4220-1100071.htm
31,/2023/08/bo-giao-thong-chi-dao-ve-chon-thau-nha-ga-san-bay-long-thanh-4221-1100221.htm
32,/2023/08/chu-tich-ldg-ban-chui-co-phieu-la-do-thu-ky-739-1100013.htm
33,/2023/08/fed-canh-bao-co-the-nang-lai-suat-cho-rang-cuoc-chien-chong-lam-phat-con-lau-moi-cham-dut-775-1099876.htm
34,/2023/08/hose-to-chuc-hop-ban-ve-trien-khai-he-thong-krx-830-1099871.htm
35,/2023/08/huy-bo-giao-dich-ban-chui-hon-26-trieu-cp-cua-chu-tich-ldg-nguyen-khanh-hung-739-1099802.htm
36,/2023/08/jpmorgan-thi-truong-moi-noi-nguy-co-vo-no-nhieu-hon-vi-bat-dong-san-trung-quoc-775-1099639.htm
37,/2023/08/horea-nhnn-xac-nhan-du-an-chua-du-dieu-kien-kinh-doanh-van-co-the-vay-tin-dung-4266-1099519.htm
38,/2023/08/ceo-vinfast-muc-von-hoa-85-ty-usd-tuy-co-bat-ngo-nhung-gia-tri-cong-ty-con-nhieu-hon-the-830-1099432.htm
39,/2023/08/hoi-thao-data-driven-finance-ung-dung-sau-rong-cong-nghe-vao-linh-vuc-tai-chinh-chung-khoan-4511-1099211.htm
40,/2023/08/do-la-hoa-la-gi-757-1098900.htm
41,/2023/08/cong-ty-nao-trong-vn30-mang-lai-su-phon-thinh-cho-co-dong-trong-quy-2-737-1100263.htm
42,/2023/08/vinfast-tu-chon-lam-cai-kho-nhat-den-su-menh-tao-ra-nganh-cong-nghiep-di-chuyen-xanh-737-1099627.htm
43,/2023/08/can-chuan-bi-gi-cho-chinh-sach-thue-toi-thieu-toan-cau-758-1098458.htm
44,/2023/08/go-kho-khan-cho-bat-dong-san-830-1098389.htm
45,/2023/08/chu-tich-dao-manh-khang-abbank-co-the-tu-tin-voi-nhung-gi-dang-co-757-1097855.htm
46,/2023/08/song-elliott-ra-doi-nhu-the-nao-830-1080372.htm
47,/2023/08/lam-sao-de-khoi-thong-diem-nghen-hoan-thue-vat-cho-doanh-nghiep-758-1097411.htm
48,/2023/08/can-chuan-bi-gi-cho-chinh-sach-thue-toi-thieu-toan-cau-758-1098458.htm
49,/2023/08/go-kho-khan-cho-bat-dong-san-830-1098389.htm
50,/2023/08/chu-tich-dao-manh-khang-abbank-co-the-tu-tin-voi-nhung-gi-dang-co-757-1097855.htm
51,/2023/08/song-elliott-ra-doi-nhu-the-nao-830-1080372.htm
52,/2023/08/nhung-nguoi-yeu-nghe-chung-khoan-3355-1095304.htm
53,/2023/07/doi-quan-nha-dau-tu-con-kien-cua-han-quoc-chien-thang-cac-quy-phong-ho-3355-1088421.htm
54,/2023/07/chang-sinh-vien-nam-2-chinh-phuc-giai-quan-quan-nho-choi-chung-khoan-tu-nam-nhat-3355-1086466.htm
55,/2023/07/chuyen-nhat-hang-cua-chung-si-3355-1084853.htm
56,/2023/07/vi-sao-cac-nha-dau-tu-chung-khoan-thuong-de-thua-lo-3355-1084868.htm
57,/2023/08/gia-co-phieu-tkg-tang-lai-nhieu-co-dong-lon-thoai-von-739-1100266.htm
58,/2023/08/dam-phu-my-tiep-tuc-nam-trong-top-50-cong-ty-niem-yet-tot-nhat-viet-nam-nam-2023-737-1100294.htm
59,/2023/08/luc-cau-nha-dat-bat-dau-am-lai-4220-1100071.htm
60,/2023/08/tham-van-danh-gia-giua-ky-ke-hoach-vay-tra-no-cong-thoi-ky-2021-2025-758-1100284.htm
61,/2023/08/dau-khoi-sac-sau-khi-giam-3-phien-lien-tiep-34-1100209.htm
62,/2023/08/chinh-phu-yeu-cau-bao-cao-viec-thanh-lap-cac-san-giao-dich-bat-dong-san-tin-chi-carbon-trong-thang-8-768-1100241.htm
63,/2023/08/sua-luat-dau-gia-tai-san-co-khac-phuc-trung-gia-dat-bo-coc-nhu-tan-hoang-minh-761-1099880.htm
64,/2023/08/tap-doan-138-ty-usd-cua-trung-quoc-thua-nhan-dang-khung-hoang-thanh-khoan-772-1100015.htm
65,/2023/08/nhieu-co-hoi-dau-tu-mo-ra-tai-campuchia-1326-1100099.htm
66,/2023/08/ong-truong-gia-binh-va-mai-huu-tin-tham-gia-co-van-temasek-dong-nam-a-4262-1099864.htm
67,/2023/08/vietstock-daily-18082023-tam-ly-bi-quan-dang-quay-tro-lai-1636-1100022.htm
68,/2023/08/thi-truong-chung-quyen-18082023-trien-vong-ngan-han-van-con-am-dam-1636-1100087.htm
69,/2023/08/chung-khoan-phai-sinh-ngay-18082023-giang-co-quyet-liet-1636-1100040.htm
70,/2023/08/nhip-dap-thi-truong-1708-ban-manh-vn-index-mat-gan-10-diem-1636-1099863.htm
71,/2023/08/phan-tich-ky-thuat-phien-chieu-1708-tiep-tuc-giang-co-trong-bien-do-hep-585-1099953.htm
72,/2023/08/nguoi-viet-giao-dich-gan-21-ty-usd-tren-san-binance-trong-thang-5-4645-1096362.htm
73,/2023/07/giao-dich-cfd-trong-thi-truong-giam-gia-4645-1087292.htm
74,/2023/08/nhung-nguoi-yeu-nghe-chung-khoan-3355-1095304.htm
75,/2023/07/doi-quan-nha-dau-tu-con-kien-cua-han-quoc-chien-thang-cac-quy-phong-ho-3355-1088421.htm
76,/2023/07/chang-sinh-vien-nam-2-chinh-phuc-giai-quan-quan-nho-choi-chung-khoan-tu-nam-nhat-3355-1086466.htm
77,/2023/07/chuyen-nhat-hang-cua-chung-si-3355-1084853.htm
78,/2023/07/vi-sao-cac-nha-dau-tu-chung-khoan-thuong-de-thua-lo-3355-1084868.htm
79,/2023/08/dich-vu-goi-xe-may-dien-xanh-sm-bike-ra-mat-tai-ha-noi-4264-1098805.htm
80,/2023/08/bloomberg-apple-bat-dau-san-xuat-iphone-15-o-an-do-4264-1099988.htm
81,/2023/08/xe-nhap-khau-tu-thai-lan-duoc-nguoi-viet-ua-chuong-nhat-7-thang-dau-nam-2023-4264-1098455.htm
82,/2023/08/co-phai-doi-bien-so-xe-hien-tai-thanh-bien-so-dinh-danh-tu-ngay-1582023-khong-4264-1097113.htm
83,/2023/08/apple-sap-ra-mat-apple-pay-o-viet-nam-vao-ngay-0808-4264-1096800.htm
